Riklion:Riklion1
alex317:alex317
manue180:manue180
exumbra777:exumbra777
Atycus:Atycus123
termineitor710:termineitor710
apollo0777:apollo0777
kempashi1996:kempashi1996
ronnie:ronnie123
adsamper:adsamper1
ventririllo:ventririllo1
DFatality:DFatality1
titoc140:titoc140
rlozanot:rlozanot12
alisjan:alisjan1
david961012:david961012
kito01:kito01
kay6009:kay6009
meatpool:meatpool12
gerstkorrel:gerstkorrel12
jhon0627:jhon0627
casilacago:casilacago1
freddieaches1:freddieaches1
yoshimaru71:yoshimaru711
Tatolandes:Tatolandes1
albertbarrios14:albertbarrios14
sokoe:sokoe123
0n3kun:0n3kun
rhoxs15:rhoxs15
croud:croud123
xXDarkFaceXx:xXDarkFaceXx123
daryek:daryek123
brayan1432:brayan1432
pantoja2090:pantoja20901
zerolive:zerolive1
wizardhood:wizardhood1
ELCHORIZO3000:ELCHORIZO3000
pavluku:pavluku123
minicanijo:minicanijo123
carlitos25:carlitos25
samu13:samu13
Sintoma22:Sintoma22
leoochang:leoochang123
guachismiki:guachismiki1
eros10:eros10
babyjacex01:babyjacex01
joelmgp:joelmgp12
jaja13:jaja13
eljose93:eljose93
francoloko7:francoloko7
jorgebarraza:jorgebarraza1
yurifloxomo:yurifloxomo123
Evnor:Evnor1
colo26:colo26
saijhat:saijhat123
crazypelon:crazypelon12
dalmasna:dalmasna123
philgrim:philgrim123
Alexdelvalle:Alexdelvalle123
berseiker:berseiker12
zionjah:zionjah123
fabichi18:fabichi18
manoloklein:manoloklein1
cakris:cakris12
Mecoman1:Mecoman1
enrjo:enrjo123
kiritoyuki971:kiritoyuki971
canelo1:canelo1
abraham178:abraham178
harlequin:harlequin123
evilcheche:evilcheche12
huberth:huberth123
supermegafap1:supermegafap1
camilo0424:camilo0424
Epaulino22:Epaulino22
tulokojoselui12:tulokojoselui12
saelhunter:saelhunter1
etorete:etorete1
xoorge1994:xoorge1994
darkspine07:darkspine0712
jhimy44:jhimy44
MUBSTER12512:MUBSTER12512
mglc518:mglc518
Skilen:Skilen123
jerudielrobles:jerudielrobles12
mandingoku:mandingoku1
ALDAIR12:ALDAIR12
papoman7:papoman7
esnix:esnix123
crismoro98:crismoro98
Ceskolt:Ceskolt1
kasike14:kasike14
madara1112:madara1112
jet19942:jet19942
blidor:blidor12
dyablo180898:dyablo180898
metahot:metahot1
merlinmancha:merlinmancha123
partenalgas:partenalgas123
fairmol:fairmol1
acsixx:acsixx12
lukenkiller6:lukenkiller6
irvingnajera:irvingnajera1
roberto1520:roberto1520
tristeza14:tristeza14
ultracool429:ultracool429
rolo21:rolo21
guumin:guumin1
lonkired:lonkired12
juanferdc123:juanferdc123
memonaso:memonaso1
nanotox:nanotox12
ammus:ammus123
goku888:goku888
juanesmb1:juanesmb1
xxazorxx:xxazorxx123
dni159:dni159
peinsitop:peinsitop1
churringy:churringy12
jgp25897:jgp25897
Wevoos01:Wevoos01
Roylo:Roylo123
GandivaX:GandivaX1
astares:astares12
kretzein:kretzein1
maniawar3:maniawar31
mortalfreyal:mortalfreyal123
lechelala:lechelala1
santiago9729:santiago9729
totto001:totto001
kratos11:kratos11
GELATINAXD1:GELATINAXD1
goxi500:goxi500
guason999:guason999
gustavo015987:gustavo015987
jzenil:jzenil1
trapoviejo:trapoviejo1
prescott:prescott1
seba206338180:seba206338180
yomitos:yomitos123
dragoncarmesi:dragoncarmesi123
rumbero:rumbero1
GeorVago:GeorVago1
ciclope10:ciclope10
francis932:francis932
ikeask0424:ikeask0424
david0703:david0703
Soyunmito:Soyunmito1
usumaki1:usumaki1
ghostzky:ghostzky1
Powerless21:Powerless21
ryko69:ryko69
alvin2319:alvin2319
hypershadic:hypershadic1
jet1994:jet1994
frocenmen:frocenmen1
betocaribeto:betocaribeto123
kevinto00:kevinto00
keiser09:keiser09
jcqh3198:jcqh3198
jesus1up:jesus1up
ponton:ponton12
ariez14:ariez14
redber22:redber22
Lughard:Lughard1
zapomalo:zapomalo12
fingerssteel:fingerssteel1
nilfred:nilfred123
kankayun:kankayun1
derrick1889:derrick1889
Leyenda2013:Leyenda2013
blackshak:blackshak1
TheLegend1213:TheLegend1213
icejoker95:icejoker95
wachiturroloco:wachiturroloco12
ulisesmlga:ulisesmlga1
randalf2012:randalf2012
page2o1o:page2o1o
zabon1995:zabon1995
merino17:merino17
YoAmauRY:YoAmauRY1
pelkino09:pelkino09
elpran53:elpran53
zatoz92:zatoz92
joxefo:joxefo123
cocoliso1:cocoliso1
yoya:yoya123
chyef:chyef123
huichi:huichi1
DiosLagartOo:DiosLagartOo1
charal56:charal56
loko100star:loko100star
chingon12:chingon12
penetreitor999:penetreitor999
teka321:teka321
akamatsu94:akamatsu94
gaston666:gaston666
pedroy7:pedroy7
andrew123:andrew123
sebas180120:sebas180120
huesito666:huesito666
julio2001:julio2001
JHAMILKING:JHAMILKING123
watamote123:watamote123
belltenebroz:belltenebroz1
austin27:austin27
jhonna:jhonna123
Zimbaira:Zimbaira1
ozzblade:ozzblade1
45dog323:45dog323
drack25:drack25
jeffer007:jeffer007
DARKKING2508:DARKKING2508
gera22:gera22
Dragmire:Dragmire12
savi407:savi407
angeldrexor:angeldrexor12
nikolao:nikolao12